17792|1001 Forest Av|37.4531598|-122.1504692
19000|1001 Hamilton Av|37.4539013|-122.1518417
55206|1001 Hamilton Av UNIT A|37.4539921|-122.151815
19021|1001 Lincoln Av|37.4517113|-122.1472049
17766|1002 Forest Av|37.452609|-122.1504355
17729|1005 University Av|37.454693|-122.1533232
3474|1007 Forest Ct|37.4533048|-122.1504944
17791|1009 Forest Ct|37.4535508|-122.1505526
22222|100 Island Dr|37.4540785|-122.1410368
17781|1010 Fife Av|37.4513912|-122.1504085
13096|1011 Channing Av|37.4490067|-122.1465591
19022|1011 Lincoln Av|37.4518587|-122.1472218
17765|1012 Forest Av|37.4525195|-122.1501504
3471|1015 Forest Ct|37.4535552|-122.1503648
17789|1017 Forest Ct|37.4535489|-122.1500675
3472|1019 Forest Ct|37.4535609|-122.1497589
13068|1020 Fife Av|37.4511412|-122.1500908
19096|1021 Channing Av|37.4489968|-122.146353
3454|1021 Fife Av|37.4517374|-122.1501837
3473|1021 Forest Ct|37.4533152|-122.1497935
17728|1021 University Av|37.4549179|-122.153086
17764|1022 Forest Av|37.452485|-122.1499977
17790|1023 Forest Av|37.4531011|-122.1499921
3463|1025 Forest Av|37.4530096|-122.1497675
19023|1025 Lincoln Av|37.4520941|-122.1472079
6615|102 Southwood Dr|37.4544592|-122.1426955
3462|1030 Fife Av|37.451347|-122.1500196
3447|1030 Hamilton Av|37.4537737|-122.1510599
4887|1030 Palo Alto Av|37.4555377|-122.1540305
18997|1030 University Av|37.4546285|-122.1525194
13097|1031 Channing Av|37.4489893|-122.1461901
17772|1031 Fife Av|37.4517726|-122.15
3488|1031 Hamilton Av|37.4541151|-122.1515221
17763|1032 Forest Av|37.452485|-122.1498326
17720|1039 University Av|37.455181|-122.1528972
17780|1040 Fife Av|37.4513598|-122.1498435
19097|1041 Channing Av|37.4490153|-122.1459659
3453|1041 Fife Av|37.4517891|-122.1498388
54615|1041 Fife Av UNIT A|37.452127|-122.1498289
3484|1042 University Av|37.4547442|-122.15237
17762|1044 Forest Av|37.4524459|-122.1496471
3483|1044 Hamilton Av|37.453917|-122.1508983
3461|1050 Fife Av|37.4513619|-122.1496777
19002|1050 Hamilton Av|37.4540706|-122.1507708
19049|1050 Lincoln Av|37.4522254|-122.1466854
13098|1051 Channing Av|37.4490348|-122.1458076
17771|1051 Fife Av|37.4517805|-122.1496891
13069|1052 Fife Av|37.4510605|-122.1495948
19024|1053 Lincoln Av|37.4523138|-122.1472096
17785|1055 Forest Av|37.45309|-122.1494805
17758|1056 Forest Av|37.4522455|-122.1493231
18998|1056 University Av|37.4549571|-122.1521614
17722|1057 University Av|37.4554301|-122.1526957
5156|1060 Lincoln Av|37.4524952|-122.1466994
17721|1060 Palo Alto Av|37.4556861|-122.1537583
3452|1061 Fife Av|37.4517794|-122.1494927
19026|1063 Lincoln Av|37.4525276|-122.1471247
17779|1066 Fife Av|37.4513732|-122.1494528
3485|1068 University Av|37.4551825|-122.1519724
17770|1071 Fife Av|37.4517766|-122.1493281
17782|1075 Forest Av|37.4534995|-122.1490478
54089|1075 Forest Av UNIT A|37.4536069|-122.1490593
17761|1078 Forest Av|37.4524395|-122.1490449
54414|1078 Forest Av UNIT A|37.4522108|-122.1491058
4888|1080 Palo Alto Av|37.4559146|-122.1535774
3464|1081 Forest Av|37.4530729|-122.1490715
17778|1084 Fife Av|37.4514065|-122.1490857
17793|1085 University Av|37.4555908|-122.1525059
17768|1087 Fife Av|37.4517501|-122.149041
3475|1089 Forest Av|37.4535341|-122.1488036
17769|1091 Fife Av|37.4520795|-122.1489638
13105|1093 Channing Av|37.4490472|-122.145573
3451|1094 Forest Av|37.4524724|-122.148784
19104|1095 Channing Av|37.4490545|-122.1451888
3466|1095 Forest Av|37.4530572|-122.1487762
55222|1095 Forest Av UNIT A|37.4530875|-122.1488196
3450|1099 Fife Av|37.4520832|-122.1487705
18974|10 Crescent Dr|37.4563637|-122.1452388
13095|10 Regent Pl|37.4493174|-122.1465399
19091|10 Somerset Pl|37.4500953|-122.1465296
3467|1100 Hamilton Av|37.4540251|-122.1505925
17767|1101 Fife Av|37.4518038|-122.1487997
17797|1101 Hamilton Av|37.4543784|-122.1510758
18990|1101 University Av|37.4558985|-122.1520853
17760|1102 Forest Av|37.452448|-122.1486001
17784|1103 Forest Av|37.4531072|-122.1485276
3508|1105 Lincoln Av|37.4530229|-122.1471014
17786|1106 Hamilton Av|37.4539855|-122.1503167
18996|1107 Hamilton Av|37.454535|-122.1508711
3482|1109 Hamilton Av|37.4545184|-122.1506017
13073|1111 Fife Av|37.4517574|-122.1486616
3481|1111 Hamilton Av|37.4545493|-122.1504103
9283|1112 Hamilton Av|37.453793|-122.1500217
3468|1114 Hamilton Av|37.4540731|-122.1500263
580|1115 Fife Av|37.4520932|-122.1486446
19014|1115 Hamilton Av|37.4545811|-122.1498703
3503|1116 Forest Av|37.4524617|-122.1483798
3469|1116 Hamilton Av|37.454007|-122.1498188
19011|1117 Hamilton Av|37.4545722|-122.1497171
581|1119 Fife Av|37.4517804|-122.1484532
22215|111 Island Dr|37.4541201|-122.1414795
17787|1120 Hamilton Av|37.4540498|-122.1496043
18946|1120 Palo Alto Av|37.4567372|-122.1527494
13074|1121 Fife Av|37.4520433|-122.1484104
3498|1121 Hamilton Av|37.454594|-122.1495601
19053|1121 Lincoln Av|37.4532188|-122.1471798
19677|1125 Channing Av|37.4490212|-122.144336
19010|1125 Hamilton Av|37.4545824|-122.1492766
18992|1125 University Av|37.4561509|-122.1516844
17788|1126 Hamilton Av|37.4540438|-122.149409
3505|1127 Forest Av|37.4530121|-122.1482671
3497|1129 Hamilton Av|37.454617|-122.1490324
19016|1130 Forest Av|37.4524566|-122.1481436
3470|1130 Hamilton Av|37.4540225|-122.1492175
18947|1130 Palo Alto Av|37.4568481|-122.1523907
18982|1130 University Av|37.4554809|-122.151318
19029|1131 Forest Av|37.4531521|-122.1482797
20075|1131 Lincoln Av|37.4533198|-122.1472171
13123|1133 Channing Av|37.4490161|-122.1442033
19009|1133 Hamilton Av|37.4546109|-122.1487903
18948|1134 Palo Alto Av|37.4568055|-122.1521762
19012|1136 Hamilton Av|37.4540256|-122.1489953
19017|1137 Fife Av|37.4518568|-122.1482334
20076|1137 Forest Av|37.4533022|-122.1482481
19676|1139 Channing Av|37.448995|-122.1440227
18991|1139 University Av|37.4560955|-122.151192
17783|1140 Hamilton Av|37.4540196|-122.1487502
3525|1140 Lincoln Av|37.4532891|-122.1467042
5166|1141 Forest Av|37.4532961|-122.1479608
5165|1141 Lincoln Av|37.4534448|-122.1471852
3449|1144 Fife Av|37.4514057|-122.1484747
3504|1144 Forest Av|37.4525048|-122.1479196
53815|1144 Forest Av UNIT A|37.4523242|-122.1479846
6665|1144 Palo Alto Av|37.4564549|-122.1521125
54472|1144 Palo Alto Av UNIT A|37.4565197|-122.1522213
13122|1145 Channing Av|37.44901|-122.1438503
3506|1145 Forest Av|37.4530279|-122.147988
54277|1145 Forest Av UNIT A|37.4531296|-122.1479016
3496|1145 Hamilton Av|37.4545656|-122.1485872
20074|1145 Lincoln Av|37.4535822|-122.14718
3465|1146 Hamilton Av|37.4540318|-122.1485855
19018|1147 Fife Av|37.451788|-122.1479942
15092|1148 Hamilton Av|37.4535189|-122.1485738
19019|1149 Fife Av|37.4520807|-122.1480029
3509|1150 Fife Av|37.4513474|-122.1479717
17795|1150 University Av|37.4554717|-122.1510626
19820|1153 Lincoln Av|37.4536172|-122.1474057
18949|1154 Palo Alto Av|37.4564486|-122.1516586
19675|1155 Channing Av|37.4490088|-122.1436017
19030|1155 Forest Av|37.4530116|-122.147779
19063|1155 Lincoln Av|37.4535705|-122.1475459
19027|1156 Forest Av|37.4525338|-122.1477545
5161|1156 Hamilton Av|37.4540411|-122.1483748
5169|1157 Hamilton Av|37.4545725|-122.1483148
19062|1157 Lincoln Av|37.4535623|-122.1476518
19061|1159 Lincoln Av|37.4534825|-122.1478087
14811|115 Fulton St|37.4541866|-122.1597115
20084|1163 Lincoln Av|37.4535142|-122.1480081
19060|1165 Lincoln Av|37.4535031|-122.1481805
5160|1167 Forest Av|37.452994|-122.1476083
20071|1168 Hamilton Av|37.4540014|-122.1481986
5175|1169 Hamilton Av|37.4545882|-122.1480242
19033|1170 Fife Av|37.4513824|-122.1477737
19028|1170 Forest Av|37.4525003|-122.1475535
5162|1170 Hamilton Av|37.4540381|-122.147988
19001|1170 University Av|37.4555469|-122.1508255
19020|1171 Fife Av|37.4518275|-122.1478199
19661|1175 Channing Av|37.4489901|-122.1434521
3507|1175 Forest Av|37.4529971|-122.147436
19059|1175 Lincoln Av|37.4537077|-122.1481823
6666|1176 Palo Alto Av|37.4567022|-122.1518717
19058|1177 Lincoln Av|37.4537249|-122.1480059
3510|1178 Fife Av|37.4513587|-122.1475733
20072|1178 Hamilton Av|37.4540351|-122.1477658
19025|1180 Forest Av|37.4525424|-122.1473059
19031|1181 Forest Av|37.4530032|-122.1472483
20083|1181 Hamilton Av|37.4546192|-122.1477907
19057|1181 Lincoln Av|37.4537478|-122.1477759
19056|1183 Lincoln Av|37.4537588|-122.1475804
5163|1184 Hamilton Av|37.4540413|-122.1475514
18950|1184 Palo Alto Av|37.4568443|-122.1514484
19055|1185 Lincoln Av|37.4537516|-122.1474082
19054|1187 Lincoln Av|37.453753|-122.1471515
12827|1189 Fife Av|37.451797|-122.1476425
5174|1189 Hamilton Av|37.4545513|-122.1475074
20073|1190 Hamilton Av|37.4540444|-122.1473445
5172|1195 Hamilton Av|37.4545107|-122.147204
5164|1196 Hamilton Av|37.4540384|-122.1471952
19669|11 Kirby Pl|37.4509462|-122.1448365
13093|11 Regent Pl|37.4497724|-122.1465564
13104|11 Somerset Pl|37.4505424|-122.1465056
19671|11 Tevis Pl|37.4501507|-122.1436273
20091|1200 Hamilton Av|37.4540788|-122.1466609
20098|1201 Dana Av|37.453722|-122.1466995
19047|1205 Forest Av|37.4530297|-122.1466578
20097|1209 Dana Av|37.4537168|-122.1465055
8239|120 Fulton St|37.4540837|-122.1600952
19045|1210 Dana Av|37.4533066|-122.14651
3517|1210 Pitman Av|37.4517139|-122.1466814
5178|1211 Hamilton Av|37.4545997|-122.1466622
19052|1215 Forest Av|37.4530099|-122.1464896
19034|1216 Forest Av|37.4525431|-122.1465266
19037|1219 Pitman Av|37.452164|-122.1464094
54172|1219 Pitman Av UNIT A|37.4521783|-122.1464991
8247|121 Fulton St|37.4540506|-122.1596935
19044|1220 Dana Av|37.4533034|-122.1463342
5183|1220 Hamilton Av|37.4540651|-122.1464036
13088|1220 Martin Av|37.4509094|-122.1464889
19040|1220 Pitman Av|37.4517059|-122.1464059
20096|1221 Dana Av|37.4537322|-122.1463143
10773|1221 Martin Av|37.4513776|-122.1466533
19043|1223 Martin Av|37.4513708|-122.1464217
20087|1225 Hamilton Av|37.4545858|-122.1463749
5159|1229 Forest Av|37.4530008|-122.1462569
3511|1230 Forest Av|37.4525129|-122.1462823
20092|1230 Hamilton Av|37.4540832|-122.1461826
3515|1233 Pitman Av|37.4521871|-122.1461892
19004|1233 University Av|37.4560146|-122.1498314
3518|1234 Pitman Av|37.4517414|-122.1462188
5179|1235 Hamilton Av|37.4546235|-122.1461492
20078|1235 Lincoln Av|37.4546927|-122.1472015
19088|1238 Martin Av|37.450924|-122.1462543
3521|1239 Martin Av|37.4513821|-122.146173
6616|123 Island Dr|37.4544591|-122.1415208
3522|1240 Dana Av|37.4533051|-122.1459929
20095|1241 Dana Av|37.4537026|-122.14604
53890|1241 Dana Av UNIT A|37.453668|-122.1459431
19035|1242 Forest Av|37.45253|-122.146003
20088|1245 Hamilton Av|37.4546249|-122.1458619
5170|1245 Lincoln Av|37.4548331|-122.1472141
19041|1246 Pitman Av|37.4517268|-122.145973
19038|1247 Pitman Av|37.4521947|-122.1459177
5184|1250 Hamilton Av|37.4540743|-122.1459007
20101|1250 Lincoln Av|37.4549123|-122.1465942
3489|1250 University Av|37.4554546|-122.1503866
5186|1255 Dana Av|37.4537184|-122.1457738
5180|1255 Hamilton Av|37.4546231|-122.1455938
3523|1256 Dana Av|37.4532999|-122.1457912
3512|1256 Forest Av|37.4525342|-122.1457944
13089|1256 Martin Av|37.4509093|-122.1459889
19051|1257 Forest Av|37.4530009|-122.1458096
13086|1257 Martin Av|37.451401|-122.1458642
8237|125 Middlefield Rd|37.453342|-122.1605321
22230|125 Southwood Dr|37.455099|-122.1426253
3519|1260 Pitman Av|37.4517311|-122.1457566
3502|1260 University Av|37.4554337|-122.1501644
19048|1261 Pitman Av|37.4521769|-122.145705
5187|1266 Hamilton Av|37.4540675|-122.1456214
19089|1268 Martin Av|37.450926|-122.1457148
3513|1270 Forest Av|37.4525511|-122.1455465
20102|1270 Lincoln Av|37.4551137|-122.1466186
3494|1270 University Av|37.4553945|-122.1499421
5158|1271 Forest Av|37.4530043|-122.1455537
19042|1274 Pitman Av|37.4517451|-122.1454728
55043|1274 Pitman Av UNIT A|37.4516217|-122.1453864
20094|1275 Dana Av|37.4537504|-122.1455491
13087|1275 Martin Av|37.4514238|-122.1455098
3516|1275 Pitman Av|37.4521972|-122.1454178
3524|1276 Dana Av|37.4533157|-122.1455147
20093|1280 Hamilton Av|37.4540984|-122.1451977
20103|1280 Lincoln Av|37.4552756|-122.1466198
13106|1280 Martin Av|37.4509342|-122.1455226
3493|1280 University Av|37.4550823|-122.1496576
19036|1284 Forest Av|37.4525553|-122.1453458
19050|1285 Forest Av|37.4530383|-122.1453393
20089|1285 Hamilton Av|37.4546149|-122.145383
19046|1290 Dana Av|37.4533092|-122.1451682
20151|1290 Hamilton Av|37.4540936|-122.1449236
3520|1290 Pitman Av|37.4517617|-122.1451629
19006|1290 University Av|37.4554106|-122.1495783
19039|1291 Pitman Av|37.4521986|-122.1451384
19087|1293 Martin Av|37.4514174|-122.1452629
5185|1295 Dana Av|37.453735|-122.145337
5223|1298 Hamilton Av|37.4541091|-122.1447143
5157|1299 Forest Av|37.4530021|-122.1451632
5227|1300 Dana Av|37.453327|-122.1448891
3514|1300 Forest Av|37.4525595|-122.1451136
20150|1300 Hamilton Av|37.4540052|-122.1444627
22180|1301 Forest Av|37.4530175|-122.1449539
5232|1301 Hamilton Av|37.4546103|-122.144439
20121|1302 Forest Av|37.452545|-122.1448813
20146|1303 Dana Av|37.4537306|-122.1449776
20116|1304 Pitman Av|37.4517752|-122.1449008
5201|1305 Pitman Av|37.4521878|-122.1449035
3491|1307 University Av|37.4559386|-122.1492277
53660|1307 University Av UNIT A|37.4560152|-122.1493395
13654|130 Fulton St|37.4538893|-122.1601157
22195|130 Southwood Dr|37.454724|-122.1423128
19005|1310 University Av|37.4553603|-122.149287
5226|1317 Forest Av|37.4530331|-122.1447188
19680|1317 Martin Av|37.4513813|-122.1449348
5197|1318 Pitman Av|37.4517241|-122.1446308
5219|1319 Dana Av|37.4537092|-122.1447215
6521|1321 Martin Av|37.4514006|-122.1446873
19003|1321 University Av|37.4559438|-122.1488751
13115|1322 Martin Av|37.4509164|-122.1446075
22181|1324 Dana Av|37.4533181|-122.1446047
5202|1326 Forest Av|37.4525622|-122.1445744
3500|1330 University Av|37.4553264|-122.1489769
5230|1331 Hamilton Av|37.4545801|-122.1440752
19679|1331 Martin Av|37.4514364|-122.1444318
21229|1333 Forest Av|37.4530198|-122.1445067
20147|1335 Dana Av|37.4537248|-122.1444889
54326|1335 Dana Av UNIT A|37.4536748|-122.1445183
36402|1337 Lincoln Av|37.4558999|-122.1471697
20119|1337 Pitman Av|37.4521988|-122.1444803
8236|133 Middlefield Rd|37.4532569|-122.1603969
5218|1340 Hamilton Av|37.4541126|-122.1440211
19007|1340 University Av|37.4553369|-122.1486942
3490|1341 University Av|37.4558674|-122.1485642
20144|1342 Dana Av|37.4533114|-122.1442995
20115|1342 Pitman Av|37.4517407|-122.1443961
19668|1344 Martin Av|37.4509303|-122.1442063
13125|1345 Martin Av|37.4513721|-122.1441334
5225|1349 Forest Av|37.4530454|-122.1443311
20120|1350 Forest Av|37.4525511|-122.1442948
5220|1351 Dana Av|37.4537302|-122.1442201
20082|1353 Lincoln Av|37.4560721|-122.1473497
19678|1353 Martin Av|37.4513949|-122.1439395
22182|1355 Hamilton Av|37.4545855|-122.1438061
5196|1356 Pitman Av|37.4517674|-122.1441433
5200|1357 Pitman Av|37.452175|-122.1440652
3403|1358 University Av|37.4550582|-122.1486894
13124|1359 Martin Av|37.451412|-122.1436641
5217|1360 Dana Av|37.4533147|-122.1440514
13114|1360 Martin Av|37.4509246|-122.1439465
20148|1363 Dana Av|37.453725|-122.1439976
20152|1365 Forest Av|37.4530014|-122.1440541
18972|1365 Lincoln Av|37.4562619|-122.1472439
20117|1366 Forest Av|37.4525085|-122.144015
5222|1370 Hamilton Av|37.4540971|-122.1437394
20107|1370 Lincoln Av|37.4564382|-122.1465501
20114|1370 Pitman Av|37.4517496|-122.1439107
20118|1375 Pitman Av|37.4521564|-122.1438212
19008|1376 University Av|37.4550545|-122.1485136
53944|1376 University Av UNIT A|37.4548879|-122.148491
19667|1380 Martin Av|37.4509528|-122.1437175
5216|1381 Forest Av|37.4530362|-122.1436924
5198|1382 Forest Av|37.4525285|-122.1437712
5195|1384 Pitman Av|37.4517476|-122.1436785
20149|1385 Dana Av|37.4537035|-122.1437238
20145|1386 Dana Av|37.4533243|-122.1437696
5229|1390 Hamilton Av|37.4541619|-122.1434443
20143|1393 Forest Av|37.452961|-122.1434798
3495|1394 University Av|37.4552976|-122.1485216
5224|1398 Dana Av|37.4532683|-122.1434227
5203|1398 Forest Av|37.4524859|-122.1435032
19708|1400 Arcadia Pl|37.4504087|-122.1411815
22242|1400 Edgewood Dr|37.4556542|-122.1412466
6604|1400 Hamilton Av|37.4539988|-122.1428278
22225|1401 Edgewood Dr|37.4560461|-122.1406396
6609|1403 Dana Av|37.453558|-122.1427676
20122|1403 Pitman Av|37.4520625|-122.1426903
22209|1405 Dana Av|37.4535033|-122.142585
5168|1405 University Av|37.4558471|-122.1479513
6613|1407 Hamilton Av|37.4544183|-122.1424452
20111|1407 Pitman Av|37.451979|-122.1424781
6633|1408 Edgewood Dr|37.4554401|-122.1410674
22204|1408 Hamilton Av|37.4539036|-122.1426076
20110|1408 Pitman Av|37.4515503|-122.1426723
6608|1409 Dana Av|37.4534467|-122.142408
6622|140 Island Dr|37.4541966|-122.1407481
19707|1410 Arcadia Pl|37.4501315|-122.1412015
22212|1410 Dana Av|37.4530719|-122.1425422
20080|1410 University Av|37.4552464|-122.1482657
4835|1411 Arcadia Pl|37.4506412|-122.1411368
6634|1411 Edgewood Dr|37.4556548|-122.1405104
22203|1412 Hamilton Av|37.4538418|-122.1424104
22208|1413 Dana Av|37.453382|-122.1422396
20128|1413 Pitman Av|37.4519238|-122.1422365
22213|1415 Hamilton Av|37.4543226|-122.1422305
22202|1416 Hamilton Av|37.4537792|-122.1422409
22207|1417 Dana Av|37.4533392|-122.1420146
22243|1417 Edgewood Dr|37.4554662|-122.1403096
5210|1417 Pitman Av|37.4518153|-122.1420216
22241|1418 Edgewood Dr|37.4552506|-122.1409264
19721|1418 Pitman Av|37.4514775|-122.1424259
6614|1419 Hamilton Av|37.4542608|-122.1420177
6610|1420 Dana Av|37.4528719|-122.1420485
22201|1420 Hamilton Av|37.453714|-122.1419943
19716|1420 Pitman Av|37.4513535|-122.1421548
5171|1420 University Av|37.4552156|-122.1479499
6607|1421 Dana Av|37.4532632|-122.1418336
20129|1421 Pitman Av|37.4517388|-122.1417816
22214|1423 Hamilton Av|37.4541609|-122.1417518
5213|1424 Dana Av|37.4528161|-122.1418392
6606|1425 Dana Av|37.4531922|-122.1416227
6635|1425 Edgewood Dr|37.4552084|-122.1403632
20077|1425 University Av|37.4557726|-122.1477133
22200|1426 Hamilton Av|37.4536529|-122.1418569
19717|1426 Pitman Av|37.4512879|-122.1419259
20140|1428 Dana Av|37.4527502|-122.141644
22199|1428 Hamilton Av|37.453607|-122.1416791
22206|1429 Dana Av|37.4531356|-122.1414457
4833|1430 Arcadia Pl|37.4501119|-122.1408139
4834|1431 Arcadia Pl|37.4505526|-122.1407466
6656|1431 Edgewood Dr|37.455069|-122.1399272
5211|1431 Pitman Av|37.4515804|-122.1415848
20139|1432 Dana Av|37.4527082|-122.1414551
22198|1432 Hamilton Av|37.4535539|-122.1414454
19719|1432 Pitman Av|37.4511951|-122.1417272
6605|1433 Dana Av|37.4530803|-122.1412497
4828|1435 Channing Av|37.4489957|-122.1405899
22197|1436 Hamilton Av|37.4534849|-122.1412536
22220|1437 Dana Av|37.4530175|-122.141053
6623|1437 Hamilton Av|37.4538621|-122.140775
5212|1437 Pitman Av|37.4515449|-122.1413447
19718|1438 Pitman Av|37.4510823|-122.1414651
5204|1440 Dana Av|37.4525696|-122.1409744
6625|1440 Edgewood Dr|37.4545166|-122.1402152
22196|1440 Hamilton Av|37.4533952|-122.141096
20079|1440 University Av|37.4552204|-122.147615
6620|1441 Dana Av|37.4529628|-122.1408705
972|1441 Edgewood Dr|37.454827|-122.1396577
22223|1441 Hamilton Av|37.4537999|-122.1405511
6624|1443 Hamilton Av|37.4536481|-122.1402655
19704|1443 Pitman Av|37.4514558|-122.141111
50630|1444 Dana Av|37.452472|-122.1407773
6664|1444 Edgewood Dr|37.4543097|-122.1398779
6619|1444 Hamilton Av|37.4533543|-122.1408654
19715|1444 Pitman Av|37.4510348|-122.141246
22219|1445 Dana Av|37.4528905|-122.1406785
22224|1445 Hamilton Av|37.453934|-122.1400905
5206|1446 Dana Av|37.4524516|-122.1406979
22218|1448 Hamilton Av|37.4532903|-122.1407333
22216|1449 Dana Av|37.4528396|-122.1404164
6657|1449 Edgewood Dr|37.4546157|-122.1393724
4830|1449 Pitman Av|37.4513711|-122.1409024
5167|1449 University Av|37.4557532|-122.1472873
19706|1450 Arcadia Pl|37.4500472|-122.1405722
20125|1450 Dana Av|37.4523619|-122.1405287
6618|1450 Hamilton Av|37.4532637|-122.1404926
19714|1450 Pitman Av|37.4509487|-122.1410105
20081|1450 University Av|37.4551879|-122.1471841
4836|1451 Arcadia Pl|37.450451|-122.1403786
973|1451 Edgewood Dr|37.4547429|-122.1391825
6617|1452 Hamilton Av|37.4531816|-122.140162
22217|1453 Dana Av|37.4527673|-122.1402473
5215|1453 Kings Ln|37.4519711|-122.1409878
53359|1453 Kings Ln UNIT A|37.4521507|-122.1410005
5207|1454 Dana Av|37.4523143|-122.1403335
6651|1454 Hamilton Av|37.4530789|-122.1399177
6658|1455 Edgewood Dr|37.4544852|-122.1391089
22259|1457 Dana Av|37.4527246|-122.1400679
974|1457 Edgewood Dr|37.4544195|-122.1388227
20141|1457 Kings Ln|37.4521157|-122.1408
4837|1457 Pitman Av|37.4513116|-122.1406812
20126|1458 Dana Av|37.4522459|-122.1401304
20142|1458 Kings Ln|37.4518008|-122.1410587
19713|1458 Pitman Av|37.4508554|-122.1407995
6663|1459 Hamilton Av|37.4534357|-122.1392374
22258|1460 Hamilton Av|37.4529634|-122.1396647
6645|1461 Dana Av|37.452636|-122.1398704
22247|1462 Dana Av|37.4521831|-122.1399793
966|1462 Edgewood Dr|37.453761|-122.1389963
5214|1462 Kings Ln|37.451659|-122.1408556
20124|1463 Kings Ln|37.4520288|-122.1405223
54971|1463 Kings Ln UNIT A|37.4520814|-122.1405819
19720|1463 Pitman Av|37.4512444|-122.1404821
6650|1464 Hamilton Av|37.4528868|-122.1394932
19712|1464 Pitman Av|37.4507933|-122.140529
19701|1465 Channing Av|37.4489909|-122.1403895
54170|1465 Channing Av UNIT A|37.4491973|-122.1404447
22253|1465 Dana Av|37.452592|-122.1397099
6659|1465 Edgewood Dr|37.4543674|-122.1385484
53595|1465 Edgewood Dr UNIT A|37.4545233|-122.1384207
960|1466 Dana Av|37.4521066|-122.139762
20123|1466 Kings Ln|37.4515958|-122.1406025
983|1467 Hamilton Av|37.4533003|-122.1390112
5208|1467 Kings Ln|37.4519397|-122.1403114
967|1468 Edgewood Dr|37.453763|-122.1387048
22255|1468 Hamilton Av|37.4528246|-122.1392726
6643|1469 Dana Av|37.4525373|-122.1395273
19705|1469 Pitman Av|37.4511924|-122.1402617
2488|1470 Arcadia Pl|37.449978|-122.1402245
959|1470 Dana Av|37.4520489|-122.1395582
5205|1470 Kings Ln|37.4515255|-122.140405
19711|1470 Pitman Av|37.4507267|-122.1403131
19709|1471 Arcadia Pl|37.4503321|-122.1400396
20127|1471 Kings Ln|37.4518901|-122.1401217
6648|1472 Hamilton Av|37.4527794|-122.1390711
22252|1473 Dana Av|37.4524726|-122.1393133
963|1474 Edgewood Dr|37.4537671|-122.1384231
5209|1474 Kings Ln|37.4514823|-122.140235
4827|1475 Channing Av|37.4489968|-122.1402125
975|1475 Edgewood Dr|37.4543429|-122.1382165
968|1475 Hamilton Av|37.4532363|-122.1388072
6638|1475 Kings Ln|37.4518286|-122.1399289
4831|1475 Pitman Av|37.451129|-122.1400516
22249|1476 Dana Av|37.4519943|-122.1393528
6647|1476 Hamilton Av|37.4527194|-122.1389105
19710|1476 Pitman Av|37.4506692|-122.140078
6644|1477 Dana Av|37.4524135|-122.1391284
6637|1478 Kings Ln|37.4514013|-122.1400154
969|1479 Hamilton Av|37.4531371|-122.1385556
22246|1479 Kings Ln|37.451764|-122.1397376
6640|1480 Dana Av|37.4519337|-122.1391501
971|1480 Edgewood Dr|37.4537516|-122.1380797
22254|1480 Hamilton Av|37.4526521|-122.1386854
22256|1481 Dana Av|37.4523368|-122.1389341
19762|1481 Pitman Av|37.4510449|-122.1398564
4842|1482 Kings Ln|37.4513399|-122.1398226
19759|1482 Pitman Av|37.4505852|-122.139923
22251|1483 Kings Ln|37.4516981|-122.1395424
6646|1484 Hamilton Av|37.452604|-122.1385041
6649|1485 Dana Av|37.4522639|-122.1387287
976|1485 Edgewood Dr|37.4542372|-122.1379396
6654|1485 Hamilton Av|37.4531807|-122.1383085
22248|1486 Dana Av|37.4518732|-122.1389616
4843|1486 Kings Ln|37.4512784|-122.1396069
6642|1487 Kings Ln|37.4516379|-122.1393535
4841|1487 Pitman Av|37.450986|-122.1396258
22260|1488 Hamilton Av|37.45254|-122.1383001
4839|1488 Pitman Av|37.4505436|-122.1396382
22257|1489 Dana Av|37.4522143|-122.1385391
54883|1489 Dana Av UNIT A|37.452359|-122.1385256
55113|1489 Dana Av UNIT B|37.4521265|-122.138521
19761|1490 Arcadia Pl|37.4499091|-122.1399112
981|1490 Edgewood Dr|37.4536608|-122.1378637
19764|1490 Kings Ln|37.4512244|-122.1394149
4840|1491 Arcadia Pl|37.450265|-122.1397276
6660|1491 Edgewood Dr|37.4541927|-122.1375036
970|1491 Hamilton Av|37.4530656|-122.1380946
22250|1491 Kings Ln|37.4515639|-122.1391442
19763|1491 Pitman Av|37.4509063|-122.1394558
958|1492 Hamilton Av|37.4524596|-122.1381238
4845|1494 Kings Ln|37.4511523|-122.1392
19760|1494 Pitman Av|37.4504566|-122.1394366
6641|1495 Kings Ln|37.4515194|-122.1389702
6639|1496 Dana Av|37.4517453|-122.1386058
6655|1498 Edgewood Dr|37.4535678|-122.1374539
19765|1498 Kings Ln|37.4510902|-122.1390394
6662|1499 Edgewood Dr|37.4541134|-122.1372394
6653|1499 Kings Ln|37.4514706|-122.1387861
20099|1505 University Av|37.4558798|-122.1465714
22237|150 Southwood Dr|37.4549002|-122.1421089
20104|1520 University Av|37.4553591|-122.1462395
20105|1530 University Av|37.4550025|-122.1460693
5188|1531 University Av|37.4559479|-122.1462967
20108|1545 University Av|37.4560546|-122.1460236
20086|1556 University Av|37.4554385|-122.1459047
22238|155 Island Dr|37.4546532|-122.1413617
5177|1560 University Av|37.4555941|-122.1456094
20085|1570 University Av|37.4556436|-122.1453127
6671|15 Crescent Dr|37.4565985|-122.1458469
22183|1600 University Av|37.456008|-122.144918
22221|160 Island Dr|37.4543795|-122.1406482
18962|1625 University Av|37.4564436|-122.1450554
5231|1650 University Av|37.456049|-122.144568
22231|165 Southwood Dr|37.4553322|-122.1423796
18961|1661 University Av|37.4565942|-122.1447635
22184|1690 University Av|37.4562164|-122.1442545
18957|16 Crescent Dr|37.4566027|-122.1452364
22239|170 Southwood Dr|37.4550268|-122.1418622
6681|1710 University Av|37.4564197|-122.1437177
18966|1730 University Av|37.4565023|-122.1434545
18960|1737 University Av|37.4566897|-122.1444974
6677|1741 University Av|37.4568722|-122.144181
6682|1750 University Av|37.4566082|-122.1432318
18959|1755 University Av|37.4569619|-122.1438548
25379|175 Island Dr|37.4548096|-122.1412268
6676|1771 University Av|37.4570894|-122.1436275
18965|1845 University Av|37.4575126|-122.1426092
25376|185 Island Dr|37.4549944|-122.1408281
8230|1870 University Av|37.4573135|-122.1417215
6680|1875 University Av|37.4576651|-122.1424224
53299|1875 University Av UNIT A|37.4577453|-122.1423896
6621|190 Island Dr|37.4546705|-122.1404198
6631|190 Southwood Dr|37.455177|-122.1416706
20100|1 Crescent Dr|37.4562399|-122.145758
13103|1 Somerset Pl|37.4505208|-122.1467064
13652|200 Fulton St|37.4535162|-122.1601498
22240|200 Southwood Dr|37.455373|-122.1415069
13651|201 Middlefield Rd|37.4531632|-122.1602483
13119|20 Kent Pl|37.4497657|-122.1436527
13090|20 Kirby Pl|37.4509543|-122.1452884
13107|20 Regent Pl|37.4492849|-122.146334
13092|20 Somerset Pl|37.450082|-122.1462943
14813|211 Fulton St|37.4539114|-122.1596587
8235|211 Middlefield Rd|37.4530696|-122.1600996
13650|212 Fulton St|37.4534225|-122.1600011
8250|213 Fulton St|37.4537614|-122.1596473
14815|215 Fulton St|37.4535975|-122.1595763
8234|216 Fulton St|37.4533374|-122.159866
19093|21 Regent Pl|37.4497593|-122.1463121
19103|21 Somerset Pl|37.4505925|-122.1462895
13117|21 Tevis Pl|37.4500389|-122.1438004
14808|222 Fulton St|37.4532607|-122.1597444
8252|225 Fulton St|37.4534613|-122.15936
14807|225 Middlefield Rd|37.4529419|-122.1598969
8244|228 Fulton St|37.4531756|-122.1596092
8243|234 Fulton St|37.4530819|-122.1594606
14806|235 Middlefield Rd|37.4528312|-122.1597212
14805|240 Fulton St|37.4530053|-122.159339
14816|241 Fulton St|37.4533591|-122.1591979
18969|241 Southwood Dr|37.4566787|-122.1414291
8242|245 Middlefield Rd|37.452746|-122.1595861
22236|245 Southwood Dr|37.4563638|-122.141261
8254|247 Fulton St|37.4532739|-122.1590627
6675|24 Crescent Dr|37.456871|-122.1452087
424|251 Middlefield Rd|37.4526099|-122.1594358
8256|253 Fulton St|37.4531888|-122.1589276
8241|256 Fulton St|37.4529116|-122.1591903
18970|269 Southwood Dr|37.4568589|-122.1411179
14333|270 Fulton St|37.452835|-122.1590687
7833|275 Southwood Dr|37.4565971|-122.1409795
18956|27 Crescent Dr|37.4569916|-122.1456109
19105|30 Regent Pl|37.4492875|-122.1460349
19092|30 Somerset Pl|37.4500451|-122.1460583
13116|30 Tevis Pl|37.4505825|-122.1439772
13667|311 Fulton St|37.4529028|-122.1582896
21024|311 Middlefield Rd|37.4523396|-122.1588212
21025|312 Fulton St|37.4525767|-122.1585863
21033|319 Middlefield Rd|37.4522115|-122.1587062
19674|31 Kent Pl|37.449295|-122.1436448
13094|31 Regent Pl|37.4498008|-122.1461022
19090|31 Somerset Pl|37.4505841|-122.146052
19670|31 Tevis Pl|37.4500743|-122.1440857
21027|320 Fulton St|37.4525148|-122.1584328
13662|320 Guinda St|37.45308|-122.1578932
13668|321 Fulton St|37.4528177|-122.1581544
21032|325 Middlefield Rd|37.4522342|-122.158458
21028|328 Fulton St|37.4524382|-122.1583112
13663|328 Guinda St|37.4530327|-122.1577141
13669|329 Fulton St|37.4527325|-122.1580193
21031|329 Middlefield Rd|37.4521119|-122.1586051
21030|335 Middlefield Rd|37.4520431|-122.1584637
21029|336 Fulton St|37.4523495|-122.1581768
13664|336 Guinda St|37.4529268|-122.1576092
21034|344 Fulton St|37.4522644|-122.1580417
21036|345 Fulton St|37.4526379|-122.1578081
8210|345 Middlefield Rd|37.4519365|-122.1583311
13665|348 Guinda St|37.4528167|-122.1573905
21017|351 Middlefield Rd|37.4518722|-122.1581851
8208|352 Fulton St|37.4521559|-122.1579249
8217|355 Fulton St|37.4524769|-122.1576282
21037|357 Fulton St|37.452385|-122.1574695
8209|359 Middlefield Rd|37.4517911|-122.1580634
3499|35 Hamilton Ct|37.4545738|-122.1500533
21016|360 Fulton St|37.4520708|-122.1577897
8258|365 Guinda St|37.4531087|-122.1570651
14821|381 Guinda St|37.4529357|-122.1567504
18994|38 Hamilton Ct|37.454723|-122.1504471
19663|38 Tevis Pl|37.4504455|-122.1442458
6673|39 Crescent Dr|37.4575042|-122.1454377
17718|400 Hale St|37.4551071|-122.1548353
6667|400 Marlowe St|37.4569026|-122.1506934
21021|401 Fulton St|37.4522067|-122.157172
6669|401 Marlowe St|37.4570135|-122.1501094
21023|402 Guinda St|37.4524998|-122.1568594
941|404 Seneca St|37.4535844|-122.1554953
18951|405 Marlowe St|37.4568053|-122.1501226
21011|405 Middlefield Rd|37.451581|-122.1577544
17719|407 Hale St|37.4553814|-122.1543928
8211|409 Fulton St|37.452101|-122.157037
6678|40 Crescent Dr|37.4570833|-122.1449887
19673|40 Kent Pl|37.4497846|-122.143839
19101|40 Regent Pl|37.4494082|-122.1458836
19099|40 Somerset Pl|37.4502212|-122.1459007
21022|412 Guinda St|37.4524212|-122.156749
8206|415 Middlefield Rd|37.4514874|-122.1576058
17730|416 Chaucer St|37.4561403|-122.1533955
21008|416 Fulton St|37.4517387|-122.1572627
21020|417 Fulton St|37.4520244|-122.1569154
15091|417 Seneca St|37.4538718|-122.1549914
17731|418 Chaucer St|37.4559897|-122.1531333
54513|418 Chaucer St UNIT A|37.4559269|-122.1532972
18953|418 Palm St|37.456979|-122.1484961
6670|419 Maple St|37.4568949|-122.1490125
8231|419 Palm St|37.4564527|-122.147943
13120|41 Kent Pl|37.4492959|-122.1438369
13102|41 Regent Pl|37.4496275|-122.1458745
13100|41 Somerset Pl|37.4504616|-122.1458616
13110|41 Tevis Pl|37.4501821|-122.1442783
8212|420 Guinda St|37.452336|-122.1566139
17716|420 Hale St|37.4549121|-122.1545725
18952|420 Maple St|37.4568593|-122.1496645
18940|420 Palm St|37.4566121|-122.1485205
18941|421 Chaucer St|37.4564696|-122.152983
8223|421 Guinda St|37.4526011|-122.1561848
21007|422 Fulton St|37.4516706|-122.1571546
18942|423 Chaucer St|37.4562971|-122.1527795
5173|423 Palm St|37.4562695|-122.1478494
4875|424 Seneca St|37.4534425|-122.1553175
21000|425 Fulton St|37.4519307|-122.1567667
21042|425 Guinda St|37.4528143|-122.1559953
4886|425 Hale St|37.4551622|-122.1540963
21010|425 Middlefield Rd|37.4514147|-122.1573881
55210|425 Middlefield Rd UNIT A|37.4515418|-122.1572901
21006|428 Fulton St|37.451611|-122.15706
893|428 Guinda St|37.4522509|-122.1564787
18936|428 Maple St|37.456442|-122.1497374
18939|430 Palm St|37.4563085|-122.1485348
899|433 Guinda St|37.4524711|-122.1560063
8207|434 Fulton St|37.4515536|-122.1569412
892|434 Guinda St|37.4521495|-122.1563197
21005|435 Middlefield Rd|37.4512875|-122.1572331
17727|435 Seneca St|37.453815|-122.1547624
18988|437 Chaucer St|37.4562047|-122.152535
4889|438 Chaucer St|37.4558412|-122.1529448
4882|440 Hale St|37.4547377|-122.1543385
18945|440 Marlowe St|37.4566407|-122.1507507
18938|441 Maple St|37.4565012|-122.1491044
20999|443 Fulton St|37.4518786|-122.1566343
898|445 Guinda St|37.4523859|-122.1558711
4890|445 Hale St|37.4550433|-122.153891
18937|445 Maple St|37.4562585|-122.149112
17723|449 Hale St|37.4550007|-122.1538234
4878|449 Seneca St|37.4536697|-122.1546429
18989|451 Chaucer St|37.4560691|-122.1523755
17724|455 Hale St|37.4549581|-122.1537559
6668|455 Marlowe St|37.4565425|-122.1502265
18944|456 Marlowe St|37.456581|-122.15125
18954|45 Crescent Dr|37.4576959|-122.1452333
2458|460 Hale St|37.4546206|-122.1541515
3492|460 Maple St|37.4562012|-122.1498181
18943|460 Marlowe St|37.456304|-122.1508559
4885|465 Hale St|37.4548994|-122.1535858
4881|470 Hale St|37.4544844|-122.1539353
19015|475 Marlowe St|37.4562294|-122.1502386
21002|478 Fulton St|37.4514677|-122.1567935
3501|47 Hamilton Ct|37.4548423|-122.1499711
946|480 Hale St|37.4543441|-122.1536571
54854|480 Hale St UNIT A|37.4542625|-122.1536784
3479|480 Marlowe St|37.4560964|-122.1508458
7305|482 Fulton St|37.4514367|-122.1567278
8259|483 Fulton St|37.4517787|-122.1565205
7306|486 Fulton St|37.4514058|-122.1566502
21004|489 Middlefield Rd|37.4510625|-122.1569719
7307|490 Fulton St|37.4513579|-122.1566039
891|498 Fulton St|37.4513238|-122.1565392
21003|499 Middlefield Rd|37.4509998|-122.156866
18967|500 E Crescent Dr|37.4567685|-122.1430262
35264|500 Fulton St|37.4510057|-122.1560504
8224|500 Fulton St UNIT 101|37.4510057|-122.1560504
20736|500 Fulton St UNIT 102|37.4510057|-122.1560504
20737|500 Fulton St UNIT 103|37.4510057|-122.1560504
20738|500 Fulton St UNIT 104|37.4510057|-122.1560504
20739|500 Fulton St UNIT 105|37.4510057|-122.1560504
20740|500 Fulton St UNIT 201|37.4510057|-122.1560504
20741|500 Fulton St UNIT 202|37.4510057|-122.1560504
20742|500 Fulton St UNIT 203|37.4510057|-122.1560504
20743|500 Fulton St UNIT 204|37.4510057|-122.1560504
20744|500 Fulton St UNIT 205|37.4510057|-122.1560504
22193|505 W Crescent Dr|37.4558832|-122.1448695
18984|509 Hale St|37.4544127|-122.1527211
18963|50 Crescent Dr|37.4572291|-122.1446356
54654|50 Crescent Dr UNIT A|37.4571709|-122.1445468
18993|50 Hamilton Ct|37.4549431|-122.1504471
6603|510 Center Dr|37.4560442|-122.1441223
22194|515 Center Dr|37.4562537|-122.1436427
3476|515 Chaucer St|37.45541|-122.1515372
6683|515 E Crescent Dr|37.4569424|-122.1423062
22192|515 W Crescent Dr|37.4557468|-122.1447916
544|518 Fulton St|37.450831|-122.1557863
18955|51 Crescent Dr|37.4577535|-122.145
5176|520 W Crescent Dr|37.4553784|-122.1451957
6627|525 Center Dr|37.4561082|-122.1434518
54872|525 Center Dr UNIT A|37.4561349|-122.1431575
17794|525 Chaucer St|37.455154|-122.1513676
18968|525 E Crescent Dr|37.4566718|-122.1421672
4848|525 Guinda St|37.4517587|-122.154902
6526|525 W Crescent Dr|37.4556134|-122.1446983
22191|526 Center Dr|37.4558609|-122.1440652
4850|526 Seneca St|37.4526578|-122.1540263
18985|527 Hale St|37.4542522|-122.1524556
903|529 Guinda St|37.4516426|-122.1548253
22226|530 E Crescent Dr|37.4563735|-122.1426583
6626|531 Center Dr|37.4559123|-122.1433299
53688|531 Center Dr UNIT A|37.4560565|-122.1431926
5237|534 Center Dr|37.4556616|-122.1439236
22190|535 W Crescent Dr|37.4554649|-122.1445429
543|536 Fulton St|37.4507436|-122.1556468
20106|536 W Crescent Dr|37.4551414|-122.1451084
30350|540 Guinda St|37.4514687|-122.1551665
6684|541 E Crescent Dr|37.4564869|-122.1420313
30357|541 Fulton St|37.4510821|-122.1555434
22189|542 Center Dr|37.4555176|-122.1438146
30351|542 Guinda St|37.4514371|-122.1551934
6636|543 Center Dr|37.4557869|-122.1431877
30356|543 Fulton St|37.4511048|-122.155516
5236|543 W Crescent Dr|37.4552815|-122.1444944
53967|543 W Crescent Dr UNIT A|37.4553874|-122.1442536
30352|544 Guinda St|37.451409|-122.1552132
3477|545 Chaucer St|37.4550014|-122.1513652
9101|545 Fulton St|37.4511346|-122.1554893
30353|546 Guinda St|37.4513872|-122.1552374
30355|547 Fulton St|37.4511567|-122.1554561
22227|548 E Crescent Dr|37.4561026|-122.1424902
5235|549 W Crescent Dr|37.4551205|-122.1444449
542|550 Fulton St|37.4506573|-122.1555131
942|550 Hale St|37.4539811|-122.1529982
5181|550 W Crescent Dr|37.4549503|-122.1450143
22244|555 Center Dr|37.4556466|-122.1431299
18995|555 Chaucer St|37.4548532|-122.1512176
18986|555 Hale St|37.4541083|-122.1522104
541|555 Middlefield Rd|37.4505012|-122.1559679
31390|555 Middlefield Rd STE 100|37.4503975|-122.1559294
31393|555 Middlefield Rd STE 101|37.4504911|-122.1558452
31394|555 Middlefield Rd STE 102|37.4504936|-122.1561039
31410|555 Middlefield Rd STE 103|37.4506|-122.1559997
54976|555 Middlefield Rd STE 104|37.4504525|-122.1560394
54977|555 Middlefield Rd STE 200|37.4504525|-122.1560394
54978|555 Middlefield Rd STE 210|37.4506|-122.1559997
54979|555 Middlefield Rd STE 220|37.4504911|-122.1558452
22234|557 E Crescent Dr|37.4562582|-122.1418671
5234|557 W Crescent Dr|37.4549515|-122.1444277
19013|55 Hamilton Ct|37.4550344|-122.15
22188|560 Center Dr|37.455342|-122.1437097
3487|560 Chaucer St|37.4546474|-122.1517303
5182|560 W Crescent Dr|37.4547607|-122.1449228
6629|561 Center Dr|37.4554619|-122.1431092
17796|565 Chaucer St|37.4547356|-122.1512072
6628|566 E Crescent Dr|37.4559529|-122.1423625
18987|567 Hale St|37.4539976|-122.1520347
54231|567 Hale St UNIT A|37.4543291|-122.151983
22187|570 Center Dr|37.4551352|-122.1436406
3486|570 Chaucer St|37.4544706|-122.1516674
54969|570 Chaucer St UNIT A|37.4544276|-122.1519319
22228|573 Center Dr|37.4553262|-122.1429563
3478|575 Chaucer St|37.4545419|-122.1511569
35262|575 Middlefield Rd|37.4502543|-122.1556318
540|575 Middlefield Rd APT A|37.4502543|-122.1556318
28617|575 Middlefield Rd APT B|37.4502543|-122.1556318
28618|575 Middlefield Rd APT C|37.4502543|-122.1556318
28619|575 Middlefield Rd APT D|37.4502543|-122.1556318
28620|575 Middlefield Rd APT E|37.4502543|-122.1556318
28621|575 Middlefield Rd APT F|37.4502543|-122.1556318
28622|575 Middlefield Rd APT G|37.4502543|-122.1556318
28623|575 Middlefield Rd APT H|37.4502543|-122.1556318
28624|575 Middlefield Rd APT I|37.4502543|-122.1556318
28625|575 Middlefield Rd APT J|37.4502543|-122.1556318
28626|575 Middlefield Rd APT K|37.4502543|-122.1556318
22245|576 E Crescent Dr|37.4557827|-122.1423123
3446|576 Hale St|37.453726|-122.152636
22186|580 Center Dr|37.4550159|-122.1435068
18999|580 Chaucer St|37.4543126|-122.1516502
19482|580 Newell Rd|37.4529199|-122.137842
20090|580 W Crescent Dr|37.4545703|-122.1449487
52689|580 W Crescent Dr UNIT A|37.4546168|-122.1451987
22235|585 E Crescent Dr|37.4559289|-122.1417787
5233|586 Center Dr|37.4547981|-122.1434561
22229|587 Center Dr|37.455116|-122.1429406
22185|590 Center Dr|37.4545936|-122.1434469
22233|590 E Crescent Dr|37.455557|-122.1422013
22232|593 Center Dr|37.4549294|-122.1429042
20748|603 Middlefield Rd|37.4499986|-122.1552348
20791|605 Guinda St|37.4511904|-122.1539463
20746|608 Fulton St|37.4502101|-122.1548246
3480|60 Hamilton Ct|37.4551849|-122.1503255
23944|60 Hamilton Ct UNIT B|37.4551279|-122.1505598
19665|60 Kent Pl|37.4497734|-122.1440851
13091|60 Kirby Pl|37.4506733|-122.1454377
5228|610 Center Dr|37.454031|-122.1434183
8225|615 Middlefield Rd|37.4499135|-122.1550997
20747|618 Fulton St|37.4500971|-122.1546732
20788|619 Fulton St|37.4504486|-122.1543524
10116|619 Guinda St|37.4510541|-122.1537923
51982|619 Guinda St UNIT A|37.4511721|-122.1536471
15079|620 Fulton St|37.4500205|-122.1545515
10115|620 Guinda St|37.4507049|-122.1541203
20792|623 Guinda St|37.4512328|-122.1534479
20749|623 Middlefield Rd|37.4498283|-122.1549645
10117|625 Guinda St|37.4509458|-122.1535632
18983|625 Hale St|37.4535837|-122.1514387
20787|627 Fulton St|37.4503526|-122.154228
17739|627 Seneca St|37.4521852|-122.1523862
10112|628 Guinda St|37.4506112|-122.1539717
910|630 Seneca St|37.451811|-122.1527849
20763|633 Middlefield Rd|37.4497587|-122.1547629
4894|633 Seneca St|37.452053|-122.1522319
20764|634 Fulton St|37.4499461|-122.1544057
50450|635 Hale St|37.4534416|-122.1512634
10090|637 Middlefield Rd|37.4496821|-122.1546413
20762|639 Middlefield Rd|37.4496395|-122.1545737
6672|63 Crescent Dr|37.4578593|-122.144506
10091|640 Fulton St|37.4498609|-122.1542706
17748|640 Seneca St|37.4517683|-122.1525396
33718|640 Seneca St UNIT A|37.4517683|-122.1525396
20786|641 Fulton St|37.4502783|-122.1540822
20793|641 Guinda St|37.4508412|-122.1533923
9126|641 Middlefield Rd|37.4495969|-122.1545061
10111|644 Guinda St|37.4505476|-122.1538152
4904|644 Seneca St|37.451698|-122.1525104
22205|645 Center Dr|37.4537212|-122.1429165
17755|645 Hale St|37.4533515|-122.1510981
10110|649 Fulton St|37.4502016|-122.1539606
17738|649 Seneca St|37.4519678|-122.1520967
5221|650 Center Dr|37.4538147|-122.1434037
20785|650 Guinda St|37.4504687|-122.1537177
17744|650 Hale St|37.4529273|-122.1514528
17757|655 Hale St|37.4532816|-122.1509039
4899|656 Hale St|37.4528745|-122.1512856
19666|65 Kirby Pl|37.4505614|-122.1447781
4900|664 Hale St|37.452749|-122.1510587
3448|665 Hale St|37.4531148|-122.1508058
20784|670 Guinda St|37.4503948|-122.1534616
6652|670 Newell Rd|37.4522009|-122.1383027
55204|670 Newell Rd UNIT A|37.4520911|-122.1384433
8229|680 Fulton St|37.4497763|-122.1540252
13108|6 Tevis Pl|37.4505113|-122.1435322
3445|701 Seneca St|37.451533|-122.1515179
20760|705 Forest Av|37.4494973|-122.1543388
10093|707 Middlefield Rd|37.4492403|-122.1539804
6679|70 Crescent Dr|37.457319|-122.144318
19098|70 Kirby Pl|37.4504503|-122.1454034
13653|710 Palo Alto Av|37.4534834|-122.1606937
20766|711 Middlefield Rd|37.4491551|-122.1538452
22210|714 Ashby Dr|37.45286|-122.1425066
20137|715 Ashby Dr|37.4526322|-122.1420501
52733|715 Everett Av|37.4526055|-122.1592615
52734|715 Everett Av UNIT 1|37.4527194|-122.159434
52735|715 Everett Av UNIT 2|37.452763|-122.1593877
52736|715 Everett Av UNIT 3|37.4526797|-122.1593756
52737|715 Everett Av UNIT 4|37.4526696|-122.1592815
52738|715 Everett Av UNIT 5|37.4525709|-122.1593164
52739|715 Everett Av UNIT 6|37.4526948|-122.159355
10099|715 Homer Av|37.4488382|-122.1528989
5189|718 Ashby Dr|37.4526931|-122.1425459
10103|719 Middlefield Rd|37.44907|-122.1537101
20109|720 Ashby Dr|37.4525782|-122.1425424
37162|720 Lytton Av|37.4516901|-122.1576116
20716|720 Seneca St|37.4511299|-122.1516668
34539|720 University Av|37.450738|-122.1563226
2453|720 University Av STE 100|37.450738|-122.1563226
26793|720 University Av STE 200|37.450738|-122.1563226
26795|720 University Av STE 204|37.450738|-122.1563226
20761|721 Forest Av|37.4496696|-122.1541677
20775|721 Homer Av|37.4491359|-122.1531309
20779|721 Middlefield Rd|37.4492134|-122.1535999
20112|722 Ashby Dr|37.4524236|-122.142536
539|723 Hamilton Av|37.4504682|-122.1553943
8205|724 Lytton Av|37.4518098|-122.1574999
20138|725 Ashby Dr|37.4524629|-122.1415872
6611|725 Center Dr|37.4531677|-122.1428859
23332|725 Guinda St|37.4501872|-122.1523733
10098|725 Homer Av|37.4489652|-122.1528058
21001|725 University Av|37.4512283|-122.1567263
5192|726 Ashby Dr|37.4522626|-122.1423404
8214|726 Everett Av|37.4523757|-122.1590034
21104|726 Homer Av|37.4486798|-122.1523797
31081|727 Middlefield Rd|37.4489776|-122.1535987
3444|727 Seneca St|37.451382|-122.1512183
20767|728 Forest Av|37.4494707|-122.1536591
22211|729 Center Dr|37.4529616|-122.1428831
31082|729 Middlefield Rd|37.4491587|-122.153452
20132|730 Ashby Dr|37.4522589|-122.1421232
20745|730 Hamilton Av|37.4503119|-122.1549271
8238|730 Palo Alto Av|37.4536353|-122.1603236
538|731 Hamilton Av|37.4505713|-122.155256
10104|731 Homer Av|37.4491762|-122.1528594
10130|732 Homer Av|37.4488067|-122.1523495
21009|732 Lytton Av|37.4519067|-122.1574038
6612|733 Center Dr|37.4528028|-122.1428842
20780|733 Homer Av|37.4492791|-122.1530227
20131|734 Ashby Dr|37.4521836|-122.1419099
20770|734 Guinda St|37.4498474|-122.1527102
21103|734 Homer Av|37.4487237|-122.1521903
10153|734 Seneca St|37.451029|-122.1515365
552|735 Guinda St|37.4501225|-122.152249
51875|735 Guinda St UNIT A|37.4503041|-122.1520997
10105|735 Homer Av|37.4490641|-122.1527107
31084|735 Middlefield Rd|37.4488896|-122.1534375
10095|736 Forest Av|37.4495883|-122.1535483
10131|736 Homer Av|37.4486362|-122.1520794
5194|737 Center Dr|37.4526068|-122.1428813
21095|737 Channing Av|37.4482759|-122.1516133
10160|737 Guinda St|37.4504965|-122.1518557
31083|737 Middlefield Rd|37.4490906|-122.1533081
20130|738 Ashby Dr|37.4521052|-122.141721
20783|738 Guinda St|37.4496143|-122.1527543
10134|738 Homer Av|37.4485041|-122.1520128
5199|740 Center Dr|37.4521691|-122.1434889
48356|740 Everett Av|37.4526667|-122.1587324
10108|740 Guinda St|37.4497666|-122.1525686
21106|740 Homer Av|37.4484093|-122.1518748
5193|741 Center Dr|37.452448|-122.1429036
20774|741 Homer Av|37.4491507|-122.1526113
10100|741 Middlefield Rd|37.4487783|-122.1533174
20133|742 Ashby Dr|37.4519998|-122.1415274
20782|742 Forest Av|37.449658|-122.1534668
10133|742 Homer Av|37.4485065|-122.1517908
11072|743 Homer Av|37.4492093|-122.1527533
20777|743 Middlefield Rd|37.4488293|-122.1532686
10107|744 Forest Av|37.4496923|-122.1534336
20771|744 Guinda St|37.4496585|-122.1524586
21105|744 Homer Av|37.4486249|-122.1516732
13655|744 Palo Alto Av|37.4541333|-122.160253
10101|745 Middlefield Rd|37.4489134|-122.1531996
20134|746 Ashby Dr|37.452081|-122.1412662
10132|746 Homer Av|37.4487218|-122.1515769
10102|747 Middlefield Rd|37.4489517|-122.1531512
21101|748 Homer Av|37.4488062|-122.1517258
10159|749 Seneca St|37.4512378|-122.1510316
20135|750 Ashby Dr|37.4522536|-122.141158
20768|750 Forest Av|37.4497785|-122.1532817
10113|750 Hamilton Av|37.4505319|-122.1546066
10128|750 Homer Av|37.4488493|-122.1518897
8240|750 Palo Alto Av|37.4543818|-122.1602451
4862|750 University Av|37.4514073|-122.1555384
5191|751 Center Dr|37.4522026|-122.1429613
10123|751 Channing Av|37.4483761|-122.1513711
14820|751 Everett Av|37.453078|-122.1588283
20772|752 Guinda St|37.4495733|-122.1523235
10129|752 Homer Av|37.4488314|-122.1520833
918|752 University Av|37.4513099|-122.1558548
20136|754 Ashby Dr|37.4524057|-122.1410843
21102|754 Homer Av|37.4489252|-122.1522318
8245|754 Palo Alto Av|37.4542998|-122.1597339
919|754 University Av|37.4513468|-122.1558155
21096|755 Channing Av|37.4484837|-122.1512642
8228|755 Forest Av|37.4500164|-122.1538241
537|755 Hamilton Av|37.4508193|-122.1550814
20781|755 Homer Av|37.4494581|-122.1527879
15084|755 University Av|37.4516328|-122.156358
920|756 University Av|37.4513841|-122.1557733
10106|757 Homer Av|37.4492697|-122.1524779
8260|758 Center Dr|37.4517678|-122.1434189
13659|758 Everett Av|37.4529936|-122.1584355
31087|759 Homer Av|37.4493948|-122.1523972
35263|759 Middlefield Rd|37.4486884|-122.1530954
10092|759 Middlefield Rd APT 1|37.4486884|-122.1530954
22510|759 Middlefield Rd APT 2|37.4486884|-122.1530954
22511|759 Middlefield Rd APT 3|37.4486884|-122.1530954
22512|759 Middlefield Rd APT 4|37.4486884|-122.1530954
22513|759 Middlefield Rd APT 5|37.4486884|-122.1530954
23154|759 Middlefield Rd APT 6|37.4486884|-122.1530954
6674|75 Crescent Dr|37.4578214|-122.1440302
21100|760 Homer Av|37.4489816|-122.1520439
8213|760 Lytton Av|37.4523848|-122.1569957
4864|760 University Av|37.4511859|-122.1556813
8255|761 Everett Av|37.4532005|-122.1587026
20759|761 Forest Av|37.4501403|-122.1536357
21035|761 Lytton Av|37.4525928|-122.1572996
20789|762 Hamilton Av|37.4506291|-122.154518
21097|762 Homer Av|37.4491165|-122.1520144
4863|762 University Av|37.4512232|-122.1556487
31088|763 Homer Av|37.4495244|-122.1525879
10096|764 Forest Av|37.4498997|-122.1531963
10136|764 Guinda St|37.4494967|-122.1522019
921|764 University Av|37.4512596|-122.1556176
10124|765 Channing Av|37.4485914|-122.1511572
10109|765 Forest Av|37.4502765|-122.1535365
536|765 Hamilton Av|37.4509378|-122.1549639
895|765 University Av|37.4517915|-122.156149
10114|766 Hamilton Av|37.4506937|-122.1544539
14809|766 Palo Alto Av|37.4544146|-122.1593474
4865|766 University Av|37.4512896|-122.155589
13660|770 Everett Av|37.4531709|-122.1582287
10125|770 Homer Av|37.4492231|-122.151892
5190|771 Center Dr|37.4516456|-122.1429453
535|771 Hamilton Av|37.4510394|-122.1548357
13666|771 Lytton Av|37.4527297|-122.1571951
14810|772 Palo Alto Av|37.4542279|-122.1593119
922|772 University Av|37.4512268|-122.1553841
545|774 Seneca St|37.4509228|-122.1512525
923|774 University Av|37.4512625|-122.1553418
10147|775 Guinda St|37.4500185|-122.1520578
930|775 Guinda St UNIT A|37.4512821|-122.1549537
54412|775 Guinda St UNIT B|37.4512434|-122.154907
534|775 Hamilton Av|37.4511708|-122.1547538
30265|776 Forest Av|37.4499954|-122.1531135
8248|776 Palo Alto Av|37.4540723|-122.1592743
924|776 University Av|37.4512943|-122.1553131
30266|778 Forest Av|37.4499086|-122.1529038
925|778 University Av|37.451323|-122.1552951
20790|780 Hamilton Av|37.4508576|-122.1542695
21098|780 Homer Av|37.4493307|-122.1517851
4844|780 Newell Rd|37.4508464|-122.1391989
14812|780 Palo Alto Av|37.4539398|-122.1592355
926|780 University Av|37.4514554|-122.1554356
21093|781 Channing Av|37.4488043|-122.150978
14814|782 Palo Alto Av|37.453806|-122.1592463
927|782 University Av|37.4514863|-122.1554133
8251|784 Palo Alto Av|37.4536711|-122.1591801
3406|784 University Av|37.4515228|-122.155377
14817|786 Palo Alto Av|37.4534906|-122.1590455
929|786 University Av|37.4515681|-122.1553466
10097|788 Forest Av|37.4500526|-122.1529355
8253|788 Palo Alto Av|37.4534117|-122.1589481
894|789 University Av|37.4519284|-122.1559658
20113|790 Center Dr|37.4514728|-122.1434126
14818|790 Palo Alto Av|37.4533251|-122.1587206
14819|792 Palo Alto Av|37.4532891|-122.1586166
928|792 University Av|37.4515769|-122.1555756
9078|794 University Av|37.4516101|-122.1555393
9079|796 University Av|37.4516381|-122.155508
13661|798 Palo Alto Av|37.4531374|-122.158033
9080|798 University Av|37.4516653|-122.1554769
8233|79 Crescent Dr|37.4577051|-122.1436869
35273|800 University Av|37.4519494|-122.155141
4852|800 University Av APT 1|37.4519494|-122.155141
26887|800 University Av APT 2|37.4519494|-122.155141
26888|800 University Av APT 3|37.4519494|-122.155141
26889|800 University Av APT 4|37.4519494|-122.155141
26890|800 University Av APT 5|37.4519494|-122.155141
26891|800 University Av APT 6|37.4519494|-122.155141
26892|800 University Av APT 7|37.4519494|-122.155141
26893|800 University Av APT 8|37.4519494|-122.155141
10118|801 Forest Av|37.4506348|-122.1531543
19567|801 Homer Av|37.4498796|-122.1518366
35261|801 Middlefield Rd|37.4484485|-122.1525385
502|801 Middlefield Rd APT 1|37.4484485|-122.1525385
28614|801 Middlefield Rd APT 10|37.4484485|-122.1525385
28615|801 Middlefield Rd APT 11|37.4484485|-122.1525385
28616|801 Middlefield Rd APT 12|37.4484485|-122.1525385
28606|801 Middlefield Rd APT 2|37.4484485|-122.1525385
28607|801 Middlefield Rd APT 3|37.4484485|-122.1525385
28608|801 Middlefield Rd APT 4|37.4484485|-122.1525385
28609|801 Middlefield Rd APT 5|37.4484485|-122.1525385
28610|801 Middlefield Rd APT 6|37.4484485|-122.1525385
28611|801 Middlefield Rd APT 7|37.4484485|-122.1525385
28612|801 Middlefield Rd APT 8|37.4484485|-122.1525385
28613|801 Middlefield Rd APT 9|37.4484485|-122.1525385
13113|802 Center Dr|37.4509249|-122.1434169
10156|803 Guinda St|37.4496972|-122.1515201
20690|804 Boyce Av|37.4490368|-122.1505233
20776|804 Forest Av|37.4503382|-122.1527638
896|805 University Av|37.4522425|-122.155745
10138|808 Boyce Av|37.4492388|-122.1504316
18971|80 Crescent Dr|37.4573507|-122.1439677
13111|80 Kent Pl|37.4496548|-122.1442641
13099|80 Kirby Pl|37.4503446|-122.1451258
900|810 Lytton Av|37.4527414|-122.1563701
10137|811 Channing Av|37.4490146|-122.1502938
20794|811 Forest Av|37.4507571|-122.1530636
549|811 Guinda St|37.449612|-122.151385
4847|811 Hamilton Av|37.4514721|-122.1544946
20691|812 Boyce Av|37.4493629|-122.1504347
10146|812 Forest Av|37.4504483|-122.1526325
55252|812 Forest Av UNIT A|37.4503251|-122.1525121
931|812 University Av|37.4521125|-122.1550539
30358|814 University Av|37.452142|-122.1550252
897|815 University Av|37.4523286|-122.1556595
10167|816 Boyce Av|37.4494951|-122.1504479
30359|816 University Av|37.4521605|-122.1550065
8218|817 University Av|37.4525634|-122.1556578
10126|818 Guinda St|37.4491498|-122.1516237
30360|818 University Av|37.4521882|-122.1549742
10157|819 Guinda St|37.4495183|-122.1512363
10148|819 Homer Av|37.4500422|-122.1517523
21041|819 University Av|37.4525867|-122.1556958
13109|81 Kirby Pl|37.4503528|-122.1448174
559|820 Boyce Av|37.4496165|-122.150434
23331|820 Forest Av|37.450562|-122.1525634
4855|820 Hamilton Av|37.4514091|-122.1537459
8257|820 Palo Alto Av|37.4531596|-122.1568117
30361|820 University Av|37.4522073|-122.154955
4859|821 Hamilton Av|37.4515928|-122.1543529
8222|821 University Av|37.4526112|-122.1557365
4866|822 University Av|37.4522354|-122.1549208
10119|823 Forest Av|37.4508491|-122.1529517
21040|823 University Av|37.4526316|-122.1557797
29785|824 University Av|37.4519377|-122.1547857
20689|825 Channing Av|37.4490517|-122.1501041
4858|825 Hamilton Av|37.451805|-122.1545135
8221|825 University Av|37.4526572|-122.1558276
10166|826 Boyce Av|37.4497378|-122.1503999
10155|826 Homer Av|37.4498699|-122.1512603
29786|826 University Av|37.4519659|-122.1547579
550|827 Guinda St|37.4494332|-122.1511012
915|827 Hamilton Av|37.4517203|-122.1542485
17735|827 Lytton Av|37.4532203|-122.1564552
10122|827 Middlefield Rd|37.4482204|-122.1523378
21039|827 University Av|37.4524427|-122.1554922
10171|828 Boyce Av|37.4497506|-122.1501304
21099|828 Guinda St|37.4490946|-122.1514792
29787|828 University Av|37.4519932|-122.1547285
10120|829 Forest Av|37.4510014|-122.1528082
52731|829 Forest Av UNIT A|37.4510799|-122.152966
8220|829 University Av|37.4524731|-122.1554553
566|830 Boyce Av|37.4496077|-122.1501227
10145|830 Forest Av|37.450666|-122.1524208
911|830 Hamilton Av|37.4514959|-122.1536147
901|830 Lytton Av|37.4529268|-122.1561643
31397|830 Palo Alto Av|37.4532156|-122.156699
29788|830 University Av|37.4520226|-122.1546985
50617|831 Hamilton Av|37.4520057|-122.1544513
19568|831 Homer Av|37.4501655|-122.1516433
21038|831 University Av|37.4525513|-122.1553538
13058|832 Boyce Av|37.4494681|-122.1501274
547|832 Homer Av|37.449972|-122.1511285
29789|832 University Av|37.4520436|-122.1546745
10139|833 Channing Av|37.449024|-122.1499081
20795|833 Forest Av|37.4511113|-122.1527274
54274|833 Forest Av UNIT A|37.4511783|-122.1527699
904|833 Hamilton Av|37.4518366|-122.1541552
30395|833 University Av|37.4525779|-122.1553895
565|834 Boyce Av|37.4494641|-122.1499243
932|834 University Av|37.4520741|-122.154648
548|835 Boyce Av|37.4496826|-122.1509144
20693|835 Channing Av|37.4492015|-122.1498351
10158|835 Guinda St|37.4493225|-122.1509256
10149|835 Homer Av|37.4502815|-122.1515335
4869|835 Lytton Av|37.4533438|-122.1564095
10135|835 Middlefield Rd|37.4481383|-122.1522025
30392|835 University Av|37.4526001|-122.1554268
11098|836 Boyce Av|37.4495826|-122.1499483
23330|836 Forest Av|37.4507538|-122.1523073
30375|836 University Av|37.4521648|-122.1545726
30398|837 University Av|37.4526247|-122.155472
564|838 Boyce Av|37.4497898|-122.1498691
52561|838 Lytton Av|37.4530117|-122.1558815
52855|838 Lytton Av UNIT A|37.4530903|-122.1560434
30376|838 University Av|37.4521857|-122.1545514
30393|839 University Av|37.4526588|-122.1555258
3415|840 Boyce Av|37.4498943|-122.1501213
4856|840 Hamilton Av|37.4516481|-122.1535564
10154|840 Homer Av|37.4500794|-122.1510106
31396|840 Palo Alto Av|37.4533161|-122.1565861
30377|840 University Av|37.4522071|-122.1545301
30391|841 University Av|37.4526986|-122.1555897
558|842 Boyce Av|37.4500603|-122.150403
20720|842 Forest Av|37.4508721|-122.1522156
10127|842 Guinda St|37.4489759|-122.1513598
30378|842 University Av|37.4522317|-122.1545041
10141|843 Channing Av|37.449053|-122.1497252
52035|843 Channing Av UNIT A|37.4493568|-122.1497394
19569|843 Homer Av|37.4503891|-122.1514266
30396|843 University Av|37.4527251|-122.155642
10163|844 Boyce Av|37.4501722|-122.1504563
23329|844 Forest Av|37.4507209|-122.1519484
30379|844 University Av|37.4522618|-122.1544723
30397|845 University Av|37.4527572|-122.1556742
557|846 Boyce Av|37.450169|-122.1501048
10144|846 Forest Av|37.4506687|-122.1517167
902|846 Lytton Av|37.4531926|-122.1558805
30363|846 University Av|37.4522944|-122.154443
10164|848 Boyce Av|37.450333|-122.1499748
30369|848 University Av|37.4523201|-122.1548577
556|850 Boyce Av|37.4503394|-122.1504424
13118|850 Center Dr|37.4500443|-122.1434058
20719|850 Forest Av|37.4510262|-122.1521614
10121|850 Guinda St|37.4489154|-122.1512066
912|850 Hamilton Av|37.451704|-122.1533511
939|850 Lytton Av|37.4532993|-122.1557703
4870|850 Palo Alto Av|37.4535583|-122.1564165
19684|850 Sharon Ct|37.4497701|-122.1412666
30371|850 University Av|37.4523455|-122.1548226
4829|851 Center Dr|37.4497668|-122.1424229
10150|851 Homer Av|37.4504968|-122.1513197
936|851 Lytton Av|37.4534148|-122.1562177
4846|851 University Av|37.4527357|-122.1552675
15115|852 Forest Av|37.4509674|-122.1521283
4857|852 Hamilton Av|37.4514196|-122.153049
546|852 Homer Av|37.4502703|-122.1509019
30372|852 University Av|37.4523651|-122.1547963
20710|853 Channing Av|37.4490144|-122.1495122
4854|853 Forest Av|37.4512404|-122.1525991
19570|853 Homer Av|37.4506014|-122.1512321
34675|853 Middlefield Rd|37.447935|-122.1519552
48352|853 Middlefield Rd STE 1|37.4478504|-122.1518272
21107|853 Middlefield Rd STE 2|37.4479828|-122.1520691
28633|853 Middlefield Rd STE 3|37.448081|-122.151939
28634|853 Middlefield Rd STE 4|37.4481401|-122.1518804
28635|853 Middlefield Rd STE 5|37.4481994|-122.151846
4832|853 Sharon Ct|37.4498027|-122.1410255
30373|854 University Av|37.4523967|-122.1547669
20711|855 Channing Av|37.4491761|-122.1494842
4849|855 Hamilton Av|37.4519999|-122.1538751
30374|856 University Av|37.4524244|-122.1547379
20712|857 Channing Av|37.4493139|-122.1495375
20718|858 Forest Av|37.4509692|-122.1518531
4867|858 University Av|37.4524529|-122.1547039
17746|859 Forest Av|37.4513577|-122.1524771
10152|859 Homer Av|37.4507091|-122.1511251
17734|859 Lytton Av|37.453545|-122.1560957
19672|860 Center Dr|37.4497875|-122.1433906
20717|860 Forest Av|37.4510959|-122.1520152
913|860 Hamilton Av|37.4518344|-122.1532352
4874|860 Lytton Av|37.4533943|-122.1557093
19702|860 Newell Rd|37.4496304|-122.1400921
937|860 Palo Alto Av|37.4537216|-122.1563424
4851|860 University Av|37.4526344|-122.1544939
20714|861 Channing Av|37.449011|-122.1493126
6525|861 Sharon Ct|37.4497228|-122.1408433
34751|861 University Av|37.4529472|-122.155042
17733|861 University Av APT 1|37.4529472|-122.155042
26883|861 University Av APT 10|37.4529472|-122.155042
26884|861 University Av APT 11|37.4529472|-122.155042
26885|861 University Av APT 12|37.4529472|-122.155042
26886|861 University Av APT 13|37.4529472|-122.155042
26875|861 University Av APT 2|37.4529472|-122.155042
26876|861 University Av APT 3|37.4529472|-122.155042
26877|861 University Av APT 4|37.4529472|-122.155042
26878|861 University Av APT 5|37.4529472|-122.155042
26879|861 University Av APT 6|37.4529472|-122.155042
26880|861 University Av APT 7|37.4529472|-122.155042
26881|861 University Av APT 8|37.4529472|-122.155042
26882|861 University Av APT 9|37.4529472|-122.155042
4873|864 Lytton Av|37.4533778|-122.1555608
4903|865 Forest Av|37.4514784|-122.1523714
905|865 Hamilton Av|37.4522851|-122.1536071
10151|865 Homer Av|37.4508233|-122.1510132
577|868 Boyce Av|37.4504472|-122.1503846
20704|869 Channing Av|37.4489968|-122.1491469
19683|869 Sharon Ct|37.4494661|-122.1408189
13071|870 Boyce Av|37.4505926|-122.1502049
4905|870 Hamilton Av|37.4520525|-122.1531038
940|870 Lytton Av|37.4534799|-122.1556337
6524|870 Sharon Ct|37.4493131|-122.141281
938|871 Lytton Av|37.453655|-122.1559866
13076|872 Boyce Av|37.4507244|-122.1504298
10792|874 Boyce Av|37.4508834|-122.1504303
17732|875 University Av|37.4531484|-122.1548725
33228|875 University Av APT 1|37.4531484|-122.1548725
33237|875 University Av APT 10|37.4531484|-122.1548725
33238|875 University Av APT 11|37.4531484|-122.1548725
33239|875 University Av APT 12|37.4531484|-122.1548725
33240|875 University Av APT 13|37.4531484|-122.1548725
33229|875 University Av APT 2|37.4531484|-122.1548725
33230|875 University Av APT 3|37.4531484|-122.1548725
33231|875 University Av APT 4|37.4531484|-122.1548725
33232|875 University Av APT 5|37.4531484|-122.1548725
33233|875 University Av APT 6|37.4531484|-122.1548725
33234|875 University Av APT 7|37.4531484|-122.1548725
33235|875 University Av APT 8|37.4531484|-122.1548725
33236|875 University Av APT 9|37.4531484|-122.1548725
583|876 Boyce Av|37.4507237|-122.1500468
17747|877 Forest Av|37.4515761|-122.1522692
19682|877 Sharon Ct|37.4492984|-122.140787
18973|87 Crescent Dr|37.4576291|-122.1433675
53353|880 Boyce Av|37.4508729|-122.1499904
13121|880 Center Dr|37.4493259|-122.143405
4906|880 Forest Av|37.4512144|-122.1518976
19703|880 Newell Rd|37.449382|-122.1400393
4871|880 Palo Alto Av|37.4538015|-122.1562192
906|880 University Av|37.4528261|-122.1543101
4872|881 Lytton Av|37.4537419|-122.155904
582|884 Boyce Av|37.4510076|-122.1504272
6523|885 Sharon Ct|37.4491404|-122.1408212
13075|886 Boyce Av|37.4510157|-122.1499253
576|888 Boyce Av|37.4511264|-122.1504173
17749|890 Forest Av|37.4513112|-122.1518014
19700|890 Newell Rd|37.4491599|-122.1399903
6522|890 Sharon Ct|37.4490116|-122.1413017
19681|893 Sharon Ct|37.4489419|-122.1408187
53795|893 Sharon Ct UNIT A|37.4489077|-122.140772
4826|896 Newell Rd|37.4489645|-122.139982
19094|8 Regent Pl|37.4493003|-122.1467406
4895|900 Hamilton Av|37.4523293|-122.1527452
19095|900 Lincoln Av|37.4490228|-122.1467403
909|900 University Av|37.4531721|-122.1537816
4893|905 Forest Av|37.4518577|-122.1519177
10758|906 Addison Av|37.4490876|-122.1486083
10140|909 Addison Av|37.4490208|-122.1489975
908|909 Hamilton Av|37.4527222|-122.1532551
4879|909 University Av|37.4535006|-122.1544815
18958|90 Crescent Dr|37.4571567|-122.1434521
17773|910 Boyce Av|37.4517036|-122.150446
13081|911 Lincoln Av|37.4492203|-122.1472106
17753|912 Forest Av|37.4516487|-122.1514544
20705|915 Channing Av|37.4489826|-122.1483849
54143|915 Channing Av UNIT A|37.4491542|-122.1483694
19081|915 Lincoln Av|37.449347|-122.1472103
10143|916 Addison Av|37.4493216|-122.1481645
10142|918 Addison Av|37.4493303|-122.1485705
17752|918 Forest Av|37.4517706|-122.1513536
20708|919 Addison Av|37.4493323|-122.149169
13082|919 Channing Av|37.4490309|-122.1481346
945|919 University Av|37.4537418|-122.1542805
20715|920 Addison Av|37.4494967|-122.1486141
3455|920 Boyce Av|37.4518412|-122.1504396
17740|920 Hamilton Av|37.4524784|-122.1525096
944|920 Palo Alto Av|37.4539766|-122.1552113
13080|921 Lincoln Av|37.4495251|-122.1471929
25826|922 Addison Av|37.4494845|-122.1483667
551|923 Boyce Av|37.4513236|-122.1508744
10161|925 Addison Av|37.4495227|-122.1490809
4892|925 Forest Av|37.4521294|-122.1517944
4853|925 Hamilton Av|37.4529314|-122.1530038
13085|925 Lincoln Av|37.4496356|-122.1471825
54268|925 Lincoln Av UNIT A|37.449634|-122.1478329
10170|928 Addison Av|37.4496381|-122.148488
17774|930 Boyce Av|37.4519464|-122.150423
4672|930 Forest Av|37.4519281|-122.1511976
4896|930 Hamilton Av|37.45254|-122.152163
19100|930 Lincoln Av|37.4497769|-122.1467202
17725|930 Palo Alto Av|37.4540911|-122.1547952
13059|931 Addison Av|37.4496629|-122.1490399
19075|931 Lincoln Av|37.4497732|-122.1472058
3456|932 Boyce Av|37.4519934|-122.1500625
567|933 Addison Av|37.4496281|-122.1493384
10168|934 Addison Av|37.4497916|-122.148593
13060|935 Addison Av|37.4496344|-122.1496143
17754|935 Boyce Av|37.4514336|-122.1509265
19074|935 Lincoln Av|37.4499135|-122.1472021
19077|936 Addison Av|37.4498071|-122.1481429
3457|936 Boyce Av|37.4521143|-122.1500411
568|937 Addison Av|37.4498072|-122.1493456
13064|937 Lincoln Av|37.4499062|-122.1476758
560|938 Addison Av|37.4500479|-122.1485822
17775|938 Boyce Av|37.4521109|-122.1504268
17741|938 Hamilton Av|37.4527189|-122.1524468
554|939 Addison Av|37.4497924|-122.1490565
17737|939 Forest Av|37.4522823|-122.1516205
35274|939 Lincoln Av|37.4500573|-122.1472293
572|939 Lincoln Av UNIT A|37.4500635|-122.1476977
17726|939 University Av|37.4540009|-122.1541695
19076|940 Addison Av|37.4500148|-122.1481052
4898|940 Hamilton Av|37.4528254|-122.1521436
555|941 Addison Av|37.4499008|-122.1491988
10162|943 Addison Av|37.4500271|-122.1490695
17776|944 Boyce Av|37.4522512|-122.150417
17751|944 Forest Av|37.4520938|-122.1510407
10169|945 Addison Av|37.4499951|-122.1495899
4897|945 Forest Av|37.4523897|-122.1515227
19073|945 Lincoln Av|37.4501968|-122.1472115
13061|947 Addison Av|37.4501971|-122.1491029
2489|947 Boyce Av|37.4516372|-122.1509442
569|949 Addison Av|37.4501924|-122.1495597
3458|950 Boyce Av|37.4523583|-122.1504343
13101|950 Lincoln Av|37.4500528|-122.1467087
4891|950 Palo Alto Av|37.4543478|-122.1544589
943|950 University Av|37.4535933|-122.1534281
13062|951 Addison Av|37.450344|-122.1491384
19082|951 Channing Av|37.449029|-122.1478674
17742|951 Forest Av|37.4525429|-122.1513396
4877|951 Hamilton Av|37.4531632|-122.1528186
52597|951 Hamilton Av UNIT A|37.4533426|-122.1530566
19072|951 Lincoln Av|37.4503451|-122.1472247
19085|953 Channing Av|37.4494386|-122.14794
553|954 Addison Av|37.4502071|-122.1486021
4907|954 Forest Av|37.452199|-122.1509253
13063|955 Addison Av|37.4503079|-122.1491386
13084|955 Channing Av|37.4490304|-122.1476914
4902|955 Hamilton Av|37.4533581|-122.1525911
3416|955 Lincoln Av|37.4505299|-122.1476819
19078|956 Addison Av|37.450236|-122.1481419
17777|956 Boyce Av|37.4524835|-122.1504385
19079|957 Channing Av|37.4494296|-122.1478014
19086|958 Addison Av|37.4504195|-122.1481651
563|959 Addison Av|37.4504587|-122.1490955
13079|959 Channing Av|37.4494204|-122.147656
8232|95 Crescent Dr|37.4577615|-122.1429474
561|960 Addison Av|37.4504768|-122.1486014
17750|960 Forest Av|37.4523601|-122.1508751
4901|960 Hamilton Av|37.4531|-122.1520194
4883|960 Palo Alto Av|37.4545032|-122.1546785
19080|961 Channing Av|37.4494356|-122.1475138
17743|961 Forest Av|37.4526537|-122.1512197
19071|961 Lincoln Av|37.450604|-122.1471665
13065|962 Addison Av|37.4506089|-122.1485165
35448|963 Addison Av|37.4506201|-122.1495097
13072|965 Addison Av|37.450599|-122.1490884
573|965 Lincoln Av|37.4508503|-122.1476464
3414|968 Addison Av|37.450741|-122.148523
579|969 Addison Av|37.4507045|-122.1490666
49978|969 Addison Av UNIT A|37.4507202|-122.1495089
19069|969 Lincoln Av|37.4508172|-122.14721
4880|969 University Av|37.4541713|-122.1539223
55013|969 University Av UNIT A|37.4542691|-122.1542679
17717|970 Palo Alto Av|37.4547409|-122.1549187
4876|970 University Av|37.4538559|-122.1532281
578|971 Addison Av|37.4508694|-122.1492662
13066|972 Addison Av|37.4508784|-122.148394
17745|972 Hamilton Av|37.4532666|-122.1518159
19084|975 Channing Av|37.4490184|-122.147519
17756|975 Hamilton Av|37.4535558|-122.1523314
52690|975 Hamilton Av UNIT A|37.4536593|-122.1524318
13078|975 Lincoln Av|37.4510088|-122.147267
574|978 Addison Av|37.4510214|-122.1484343
13077|979 Lincoln Av|37.4511435|-122.1471855
18964|97 Crescent Dr|37.4573772|-122.1429216
19102|980 Lincoln Av|37.4509231|-122.1467138
4884|980 Palo Alto Av|37.4550306|-122.1550879
13070|981 Addison Av|37.4510046|-122.1490704
584|981 Lincoln Av|37.4511602|-122.1474629
13083|985 Channing Av|37.4490119|-122.1473634
19067|985 Lincoln Av|37.4512833|-122.1472358
13067|986 Addison Av|37.4511565|-122.1485355
575|987 Addison Av|37.451134|-122.1490876
17759|990 Addison Av|37.4512805|-122.1484787
3459|991 Addison Av|37.4512713|-122.1490784
19083|991 Channing Av|37.4490026|-122.1471842
19032|991 Lincoln Av|37.4514252|-122.1472165
